cd_bairro,bairro,area_km2,populacao_total,populacao_demografia,idade_0_14,idade_15_29,idade_30_59,idade_60_mais,populacao_idade_classificada,populacao_15_mais_alfabetizacao,alfabetizados_15_mais,taxa_alfabetizacao_15_mais_pct,responsaveis_dpp_ocupados,renda_responsavel_media,renda_responsavel_mediana,renda_disponivel
3548500001,José Menino,0.6800466,11209,11209,1280,1683,4871,3359,11193,9908,9828,99.19,5292,7220.24,5000.0,True
3548500002,Gonzaga,1.2459141,26820,26820,2825,3742,11077,9139,26783,23954,23837,99.51,12014,9005.03,6000.0,True
3548500003,Boqueirão,1.6168628,30478,30478,3273,4523,12479,10188,30463,27189,27088,99.63,13384,8433.53,5001.0,True
3548500004,Embaré,1.5363521,35934,35934,4091,5370,15324,11133,35918,31827,31660,99.48,15366,6736.4,5000.0,True
3548500005,Aparecida,1.5158677,33792,33792,3906,5061,13753,11060,33780,29872,29650,99.26,14255,6193.88,4000.0,True
3548500006,Ponta da Praia,1.7844834,34898,34898,4575,4902,15105,10314,34896,30319,30106,99.3,14432,8344.96,5000.0,True
3548500007,Estuário,0.5977795,5643,5643,785,1009,2484,1365,5643,4858,4786,98.52,2102,4085.77,3000.0,True
3548500008,Macuco,1.711892,17461,17442,2733,3339,7732,3638,17442,14705,14486,98.51,6296,3573.76,2600.0,True
3548500009,Encruzilhada,0.9056662,14077,14077,1648,2535,6377,3517,14077,12427,12260,98.66,5786,4448.64,3003.0,True
3548500010,Campo Grande,1.1386384,25569,25569,2926,4009,11050,7583,25568,22642,22463,99.21,10276,5709.33,4500.0,True
3548500011,Marapé,1.1491575,25086,25086,3859,4052,11494,5681,25086,21226,21039,99.12,9563,5876.16,4000.0,True
3548500012,Jabaquara,0.6996217,2093,2093,334,420,886,453,2093,1759,1723,97.95,772,3120.86,2500.0,True
3548500013,Vila Belmiro,0.6337942,9049,9049,1267,1496,3993,2293,9049,7782,7728,99.31,3431,5974.08,4000.0,True
3548500014,Vila Matias,1.4596794,9399,9399,1343,1948,4368,1740,9399,8054,7905,98.15,3821,4082.29,3000.0,True
3548500015,Vila Nova,0.4867688,3084,3084,639,690,1238,517,3084,2444,2265,92.68,1174,2194.36,1700.0,True
3548500016,Paquetá,0.3822138,703,703,132,176,296,93,697,560,526,93.93,277,1769.62,1500.0,True
3548500017,Centro,0.7820885,530,525,70,97,256,93,516,443,429,96.84,269,2094.86,1500.0,True
3548500018,Valongo,0.1356567,54,54,7,13,23,8,51,36,35,97.22,20,1708.67,1212.0,True
3548500019,Monte Serrat,0.3347651,1324,1324,257,304,572,181,1314,1055,977,92.61,467,2066.43,1500.0,True
3548500020,Saboó,0.6669514,9848,9843,1720,2063,4207,1853,9843,8123,7864,96.81,3647,2875.44,2400.0,True
3548500021,Alemoa,2.569361,1781,1781,498,507,663,113,1781,1280,1163,90.86,598,1437.71,1275.0,True
3548500022,Chico de Paula,1.6554861,2631,2631,575,640,1056,360,2631,2050,1936,94.44,951,1744.85,1300.0,True
3548500023,São Manoel,0.5607014,5322,5322,1259,1333,2132,598,5322,4056,3854,95.02,1874,1904.45,1350.0,True
3548500024,Caneleira,0.4048089,4191,4191,907,999,1689,596,4191,3280,3159,96.31,1398,2203.06,1800.0,True
3548500025,Santa Maria,0.5812534,5795,5793,937,1071,2331,1454,5793,4856,4740,97.61,2001,2927.18,2300.0,True
3548500026,Bom Retiro,0.597319,5838,5812,938,1142,2535,1197,5812,4872,4734,97.17,2162,2654.11,2000.0,True
3548500027,São Jorge,0.4945075,6327,6327,983,1239,2685,1420,6327,5344,5253,98.3,2242,4024.7,2500.0,True
3548500028,Areia Branca,0.5359806,9584,9584,1704,2037,4339,1504,9584,7877,7718,97.98,3495,3476.73,2500.0,True
3548500029,Castelo,0.5127878,8810,8810,1465,1803,3726,1816,8810,7345,7156,97.43,3145,2426.45,2000.0,True
3548500030,Rádio Clube,0.9725257,17414,17414,3540,4096,7211,2567,17414,13850,13306,96.07,6613,1988.82,1500.0,True
3548500034,Piratininga,0.2274553,785,785,122,151,347,165,785,661,642,97.13,275,3076.88,2400.0,True
3548500035,Morro Fontana,0.0753225,577,577,126,141,244,66,577,451,436,96.67,212,1916.55,1600.0,True
3548500036,Morro São Bento,0.491254,7552,7552,1577,1777,3082,1116,7552,5972,5701,95.46,2741,1959.09,1500.0,True
3548500037,Morro Pacheco,0.1405641,1776,1776,310,375,868,215,1768,1452,1388,95.59,694,2248.84,2000.0,True
3548500039,Morro Jabaquara,0.2664112,1299,1299,264,275,588,172,1299,1035,1014,97.97,490,2463.57,2000.0,True
3548500040,Vila Progresso,0.1895325,3110,3104,615,685,1358,446,3104,2486,2380,95.74,1084,2143.26,1800.0,True
3548500041,Morro Saboó,0.3713987,1311,1311,243,304,622,136,1305,1057,1015,96.03,505,2052.98,1800.0,True
3548500042,Morro Penha,0.2259018,2342,2342,494,521,1050,277,2342,1847,1761,95.34,853,2131.46,2000.0,True
3548500043,Morro Marapé,0.5282635,1002,989,200,183,436,170,989,789,761,96.45,362,2110.54,1700.0,True
3548500044,Morro Nova Cintra,1.6141422,7405,7338,1477,1635,3115,1103,7330,5824,5621,96.51,2529,3125.36,2400.0,True
3548500045,Morro Caneleira,0.220744,1627,1627,412,434,674,103,1623,1208,1139,94.29,552,1722.95,1500.0,True
3548500046,Morro Santa Maria,0.3561692,2501,2501,598,644,1032,221,2495,1893,1760,92.97,869,1853.17,1475.0,True
3548500050,Pompéia,0.4963964,12399,12399,1365,1642,5137,4246,12390,11019,10963,99.49,5539,8423.49,6000.0,True
3548500051,Morro Santa Terezinha,0.3497839,220,220,31,36,99,54,220,189,187,98.94,81,10694.79,4700.0,True
3548500052,Morro José Menino,0.3097439,3731,3731,702,803,1590,635,3730,3026,2892,95.57,1381,2884.33,2001.0,True
3548500054,Morro Cachoeira,0.3093529,43,43,6,11,17,3,37,22,19,86.36,16,1707.5,1650.0,True
3548500056,Guarapá,4.2157826,18,18,0,3,6,0,9,7,6,85.71,10,2209.5,1825.0,True
3548500057,Monte Cabrão,1.0344824,593,593,144,143,240,66,593,449,432,96.21,192,2206.24,2000.0,True
3548500059,Cabuçu,3.6958717,18,18,3,0,8,0,11,6,6,100.0,5,1675.0,1350.0,True
3548500060,Iriri,1.2230015,29,29,3,4,10,4,21,10,9,90.0,10,2277.78,2500.0,True
3548500061,Caruara,1.6919012,2466,2466,535,581,983,367,2466,1931,1838,95.18,822,2566.14,2000.0,True
3548500065,Vila Haddad,0.1361469,158,158,28,33,65,32,158,130,124,95.38,52,2652.96,2400.0,True
3548500066,Chinês,0.066511,116,116,17,20,50,29,116,99,96,96.97,34,2878.75,2050.0,True
3548500067,Ilhéu Alto,0.2027065,1367,1367,292,346,579,150,1367,1075,1025,95.35,479,2238.14,2000.0,True
3548500068,Vila Hayden,0.0410501,849,849,110,147,350,242,849,739,733,99.19,348,5345.84,4000.0,True
